{"cameraMode":{"drawMode":0,"name":"Shaded","section":"Shading Mode"},"sceneLighting":false,"audioPlay":false,"sceneViewState":{"m_AlwaysRefresh":false,"showFog":true,"showSkybox":false,"showFlares":true,"showImageEffects":true,"showParticleSystems":true,"showVisualEffectGraphs":true,"m_FxEnabled":true},"in2DMode":false,"pivot":{"x":40.161277770996097,"y":61.622806549072269,"z":4.109928131103516},"rotation":{"x":-0.04677599295973778,"y":-0.027871476486325265,"z":0.001286156359128654,"w":-0.9985386729240418},"size":158.89193725585938,"orthographic":false}