{"cameraMode":{"drawMode":0,"name":"Shaded","section":"Shading Mode"},"sceneLighting":true,"audioPlay":false,"sceneViewState":{"m_AlwaysRefresh":false,"showFog":true,"showSkybox":true,"showFlares":true,"showImageEffects":true,"showParticleSystems":true,"showVisualEffectGraphs":true,"m_FxEnabled":true},"in2DMode":false,"pivot":{"x":697.774658203125,"y":391.56304931640627,"z":46.89202880859375},"rotation":{"x":-0.11847714334726334,"y":-0.030684109777212144,"z":0.0036467895843088629,"w":-0.9925006031990051},"size":463.183349609375,"orthographic":false}